<?xml version="1.0" ?>

<container xmlns="http://symfony.com/schema/dic/services"
           xmlns:xsi="http://www.w3.org/2001/XMLSchema-instance"
           xsi:schemaLocation="http://symfony.com/schema/dic/services http://symfony.com/schema/dic/services/services-1.0.xsd">

    <services>

        <service id="retailred_storefront.subscriber.template_registration"
                 class="RetailredStorefront\Subscriber\TemplateRegistration">
            <argument type="service" id="template"/>
            <argument>%retailred_storefront.plugin_dir%</argument>
            <tag name="shopware.event_subscriber"/>
        </service>

        <service id="retailred_storefront.subscriber.less_subscriber"
                 class="RetailredStorefront\Subscriber\LessSubscriber">
            <argument>%retailred_storefront.plugin_dir%</argument>
            <tag name="shopware.event_subscriber"/>
        </service>

        <service id="retailred_storefront.subscriber.detail_subscriber"
                 class="RetailredStorefront\Subscriber\DetailSubscriber">
            <argument type="service" id="shopware.plugin.config_reader"/>
            <argument>%retailred_storefront.plugin_name%</argument>
            <tag name="shopware.event_subscriber"/>
        </service>

    </services>
</container>
